id;name;owner;created_on
1;contextually-based Alaska Fresh;Table Micronesia;2021-06-28T12:39:16
2;Soft functionalities;Account Total;2021-06-27T16:45:15
3;technologies Soft Senior;Assistant Bike;2021-06-28T01:58:37
4;world-class gold;Berkshire Tools portals;2021-06-28T06:06:46
5;Licensed Beauty ROI;Prairie;2021-06-28T11:44:48
6;copying Central payment;Keyboard Optional Carolina;2021-06-27T17:27:45
7;Direct Radial;magenta;2021-06-28T00:08:18
8;firewall ADP International;Up-sized Jewelery application;2021-06-28T03:11:44
9;Account Concrete program;input;2021-06-27T19:54:01
10;Small;invoice digital parsing;2021-06-27T14:46:56
